Date,Sender
02/01/23,Aditi:
02/01/23,Aditi:
02/01/23,Bhaloo:
02/01/23,Bhaloo:
02/01/23,Aditi:
02/01/23,Aditi:
02/01/23,Bhaloo:
02/01/23,Bhaloo:
02/01/23,Bhaloo:
02/01/23,Aditi:
02/01/23,Bhaloo:
02/01/23,Bhaloo:
02/01/23,Bhaloo:
02/01/23,Bhaloo:
02/01/23,Aditi:
02/01/23,Aditi:
02/01/23,Bhaloo:
02/01/23,Bhaloo:
02/01/23,Bhaloo:
02/01/23,Aditi:
02/02/23,Aditi:
02/02/23,Bhaloo:
02/02/23,Bhaloo:
02/02/23,Bhaloo:
02/02/23,Bhaloo:
02/02/23,Bhaloo:
02/02/23,Aditi:
02/02/23,Aditi:
02/02/23,Bhaloo:
02/02/23,Bhaloo:
02/02/23,Aditi:
02/02/23,Bhaloo:
02/02/23,Aditi:
02/02/23,Aditi:
02/02/23,Bhaloo:
02/02/23,Aditi:
02/02/23,Bhaloo:
02/02/23,Aditi:
02/02/23,Bhaloo:
02/02/23,Bhaloo:
02/02/23,Bhaloo:
02/02/23,Bhaloo:
02/02/23,Bhaloo:
02/02/23,Aditi:
02/02/23,Aditi:
02/02/23,Aditi:
02/02/23,Bhaloo:
02/02/23,Aditi:
02/02/23,Bhaloo:
02/02/23,Bhaloo:
02/02/23,Aditi:
02/02/23,Aditi:
02/02/23,Aditi:
02/02/23,Bhaloo:
02/02/23,Bhaloo:
02/02/23,Bhaloo:
02/02/23,Bhaloo:
02/02/23,Bhaloo:
02/02/23,Aditi:
02/02/23,Aditi:
02/02/23,Aditi:
02/02/23,Bhaloo:
02/03/23,Aditi:
02/03/23,Bhaloo:
02/03/23,Aditi:
02/03/23,Bhaloo:
02/03/23,Aditi:
02/03/23,Bhaloo:
02/03/23,Bhaloo:
02/03/23,Aditi:
02/03/23,Bhaloo:
02/03/23,Aditi:
02/03/23,Bhaloo:
02/03/23,Aditi:
02/03/23,Aditi:
02/03/23,Bhaloo:
02/03/23,Aditi:
02/03/23,Bhaloo:
02/03/23,Aditi:
02/03/23,Bhaloo:
02/03/23,Bhaloo:
02/03/23,Aditi:
02/03/23,Bhaloo:
02/03/23,Bhaloo:
02/03/23,Bhaloo:
02/03/23,Bhaloo:
02/03/23,Aditi:
02/03/23,Bhaloo:
02/03/23,Aditi:
02/03/23,Bhaloo:
02/03/23,Bhaloo:
02/03/23,Bhaloo:
02/03/23,Aditi:
02/03/23,Bhaloo:
02/03/23,Bhaloo:
02/03/23,Aditi:
02/03/23,Aditi:
02/03/23,Bhaloo:
02/03/23,Bhaloo:
02/03/23,Aditi:
02/03/23,Bhaloo:
02/03/23,Bhaloo:
02/03/23,Bhaloo:
02/03/23,Bhaloo:
02/03/23,Bhaloo:
02/03/23,Aditi:
02/03/23,Aditi:
02/03/23,Bhaloo:
02/03/23,Bhaloo:
02/03/23,Bhaloo:
02/03/23,Aditi:
02/03/23,Aditi:
02/03/23,Aditi:
02/03/23,Aditi:
02/03/23,Bhaloo:
02/03/23,Bhaloo:
02/03/23,Aditi:
02/03/23,Bhaloo:
02/03/23,Aditi:
02/03/23,Bhaloo:
02/03/23,Aditi:
02/03/23,Bhaloo:
02/03/23,Aditi:
02/03/23,Aditi:
02/03/23,Bhaloo:
02/03/23,Bhaloo:
02/03/23,Bhaloo:
02/03/23,Aditi:
02/03/23,Aditi:
02/03/23,Bhaloo:
02/03/23,Aditi:
02/03/23,Bhaloo:
02/03/23,Bhaloo:
02/03/23,Bhaloo:
02/03/23,Aditi:
02/03/23,Bhaloo:
02/03/23,Bhaloo:
02/03/23,Aditi:
02/03/23,Bhaloo:
02/03/23,Bhaloo:
02/05/23,Aditi:
02/05/23,Bhaloo:
02/05/23,Bhaloo:
02/05/23,Bhaloo:
02/05/23,Bhaloo:
02/05/23,Aditi:
02/05/23,Bhaloo:
02/05/23,Bhaloo:
02/05/23,Aditi:
02/05/23,Bhaloo:
02/05/23,Bhaloo:
02/05/23,Aditi:
02/05/23,Aditi:
02/05/23,Bhaloo:
02/05/23,Bhaloo:
02/05/23,Bhaloo:
02/05/23,Aditi:
02/05/23,Bhaloo:
02/05/23,Aditi:
02/05/23,Bhaloo:
02/05/23,Bhaloo:
02/05/23,Aditi:
02/05/23,Aditi:
02/05/23,Bhaloo:
02/05/23,Bhaloo:
02/06/23,Aditi:
02/06/23,Bhaloo:
02/06/23,Bhaloo:
02/06/23,Bhaloo:
02/06/23,Bhaloo:
02/06/23,Aditi:
02/06/23,Aditi:
02/06/23,Bhaloo:
02/06/23,Bhaloo:
02/06/23,Bhaloo:
02/06/23,Bhaloo:
02/06/23,Aditi:
02/06/23,Bhaloo:
02/06/23,Aditi:
02/06/23,Bhaloo:
02/06/23,Aditi:
02/06/23,Bhaloo:
02/06/23,Bhaloo:
02/06/23,Bhaloo:
02/06/23,Aditi:
02/06/23,Bhaloo:
02/06/23,Aditi:
02/06/23,Aditi:
02/06/23,Bhaloo:
02/06/23,Bhaloo:
02/07/23,Bhaloo:
02/07/23,Bhaloo:
02/07/23,Aditi:
02/07/23,Aditi:
02/08/23,Bhaloo:
02/08/23,Bhaloo:
02/08/23,Bhaloo:
02/08/23,Bhaloo:
02/08/23,Aditi:
02/08/23,Bhaloo:
02/08/23,Aditi:
02/08/23,Bhaloo:
02/08/23,Bhaloo:
02/08/23,Aditi:
02/08/23,Aditi:
02/08/23,Bhaloo:
02/08/23,Aditi:
02/08/23,Aditi:
02/08/23,Aditi:
02/08/23,Aditi:
02/08/23,Bhaloo:
02/08/23,Bhaloo:
02/08/23,Aditi:
02/08/23,Bhaloo:
02/08/23,Aditi:
02/08/23,Aditi:
02/08/23,Bhaloo:
02/08/23,Bhaloo:
02/08/23,Bhaloo:
02/08/23,Aditi:
02/08/23,Bhaloo:
02/08/23,Bhaloo:
02/08/23,Aditi:
02/08/23,Bhaloo:
02/08/23,Bhaloo:
02/08/23,Aditi:
02/08/23,Bhaloo:
02/09/23,Bhaloo:
02/09/23,Bhaloo:
02/10/23,Aditi:
02/11/23,Bhaloo:
02/11/23,Bhaloo:
02/11/23,Aditi:
02/11/23,Bhaloo:
02/11/23,Aditi:
02/11/23,Bhaloo:
02/11/23,Bhaloo:
02/11/23,Aditi:
02/11/23,Bhaloo:
02/11/23,Aditi:
02/11/23,Bhaloo:
02/11/23,Aditi:
02/11/23,Bhaloo:
02/11/23,Bhaloo:
02/11/23,Aditi:
02/11/23,Bhaloo:
02/11/23,Bhaloo:
02/11/23,Aditi:
02/11/23,Bhaloo:
02/11/23,Aditi:
02/11/23,Bhaloo:
02/11/23,Bhaloo:
02/11/23,Aditi:
02/11/23,Aditi:
02/11/23,Bhaloo:
02/12/23,Bhaloo:
02/12/23,Aditi:
02/12/23,Aditi:
02/12/23,Bhaloo:
02/12/23,Bhaloo:
02/12/23,Bhaloo:
02/12/23,Bhaloo:
02/12/23,Aditi:
02/12/23,Bhaloo:
02/12/23,Aditi:
02/12/23,Aditi:
02/12/23,Bhaloo:
02/12/23,Aditi:
02/12/23,Aditi:
02/12/23,Bhaloo:
02/12/23,Aditi:
02/12/23,Bhaloo:
02/12/23,Aditi:
02/12/23,Aditi:
02/12/23,Bhaloo:
02/12/23,Bhaloo:
02/12/23,Aditi:
02/12/23,Bhaloo:
02/12/23,Aditi:
02/12/23,Bhaloo:
02/12/23,Aditi:
02/12/23,Bhaloo:
02/12/23,Bhaloo:
02/12/23,Aditi:
02/12/23,Bhaloo:
02/12/23,Bhaloo:
02/12/23,Bhaloo:
02/12/23,Aditi:
02/12/23,Bhaloo:
02/12/23,Aditi:
02/13/23,Aditi:
02/13/23,Aditi:
02/13/23,Bhaloo:
02/13/23,Bhaloo:
02/13/23,Aditi:
02/13/23,Bhaloo:
02/13/23,Aditi:
02/13/23,Bhaloo:
02/13/23,Aditi:
02/13/23,Aditi:
02/13/23,Bhaloo:
02/13/23,Aditi:
02/13/23,Aditi:
02/13/23,Bhaloo:
02/13/23,Aditi:
02/13/23,Bhaloo:
02/15/23,Aditi:
02/15/23,Aditi:
02/15/23,Bhaloo:
02/15/23,Bhaloo:
02/15/23,Bhaloo:
02/15/23,Aditi:
02/15/23,Bhaloo:
02/15/23,Bhaloo:
02/15/23,Aditi:
02/15/23,Aditi:
02/15/23,Bhaloo:
02/15/23,Bhaloo:
02/15/23,Bhaloo:
02/15/23,Aditi:
02/15/23,Bhaloo:
02/15/23,Bhaloo:
02/16/23,Aditi:
02/16/23,Bhaloo:
02/16/23,Bhaloo:
02/16/23,Bhaloo:
02/16/23,Bhaloo:
02/16/23,Bhaloo:
02/16/23,Bhaloo:
02/16/23,Bhaloo:
02/16/23,Bhaloo:
02/16/23,Bhaloo:
02/16/23,Bhaloo:
02/16/23,Bhaloo:
02/16/23,Bhaloo:
02/16/23,Bhaloo:
02/16/23,Bhaloo:
02/16/23,Bhaloo:
02/16/23,Bhaloo:
02/16/23,Bhaloo:
02/16/23,Bhaloo:
02/16/23,Bhaloo:
02/16/23,Bhaloo:
02/16/23,Bhaloo:
02/16/23,Bhaloo:
02/16/23,Bhaloo:
02/16/23,Bhaloo:
02/16/23,Bhaloo:
02/16/23,Bhaloo:
02/16/23,Bhaloo:
02/16/23,Aditi:
02/16/23,Aditi:
02/16/23,Bhaloo:
02/16/23,Bhaloo:
02/16/23,Bhaloo:
02/16/23,Aditi:
02/16/23,Aditi:
02/16/23,Bhaloo:
02/17/23,Aditi:
02/17/23,Bhaloo:
02/17/23,Aditi:
02/17/23,Bhaloo:
02/17/23,Bhaloo:
02/17/23,Bhaloo:
02/18/23,Aditi:
02/18/23,Bhaloo:
02/18/23,Bhaloo:
02/18/23,Bhaloo:
02/19/23,Aditi:
02/19/23,Bhaloo:
02/20/23,Aditi:
02/20/23,Bhaloo:
02/20/23,Bhaloo:
02/20/23,Bhaloo:
02/20/23,Bhaloo:
02/20/23,Aditi:
02/20/23,Bhaloo:
02/20/23,Aditi:
02/20/23,Bhaloo:
02/20/23,Aditi:
02/20/23,Bhaloo:
02/20/23,Bhaloo:
02/20/23,Aditi:
02/20/23,Bhaloo:
02/20/23,Bhaloo:
02/20/23,Aditi:
02/20/23,Bhaloo:
02/20/23,Bhaloo:
02/20/23,Aditi:
02/20/23,Aditi:
02/20/23,Bhaloo:
02/20/23,Bhaloo:
02/20/23,Bhaloo:
02/20/23,Bhaloo:
02/20/23,Aditi:
02/20/23,Bhaloo:
02/20/23,Aditi:
02/20/23,Bhaloo:
02/20/23,Bhaloo:
02/20/23,Aditi:
02/20/23,Bhaloo:
02/20/23,Bhaloo:
02/20/23,Aditi:
02/20/23,Bhaloo:
02/20/23,Aditi:
02/20/23,Bhaloo:
02/20/23,Aditi:
02/20/23,Bhaloo:
02/20/23,Bhaloo:
02/20/23,Aditi:
02/21/23,Aditi:
02/21/23,Bhaloo:
02/21/23,Bhaloo:
02/21/23,Bhaloo:
02/21/23,Aditi:
02/21/23,Bhaloo:
02/21/23,Aditi:
02/21/23,Aditi:
02/21/23,Bhaloo:
02/21/23,Aditi:
02/21/23,Bhaloo:
02/22/23,Aditi:
02/22/23,Bhaloo:
02/22/23,Bhaloo:
02/22/23,Aditi:
02/22/23,Aditi:
02/22/23,Aditi:
02/22/23,Bhaloo:
02/22/23,Bhaloo:
02/22/23,Aditi:
02/22/23,Bhaloo:
02/22/23,Bhaloo:
02/22/23,Aditi:
02/22/23,Bhaloo:
02/22/23,Bhaloo:
02/24/23,Aditi:
02/25/23,Bhaloo:
02/25/23,Aditi:
02/25/23,Bhaloo:
02/25/23,Aditi:
02/25/23,Aditi:
02/25/23,Bhaloo:
02/25/23,Aditi:
02/25/23,Aditi:
02/25/23,Aditi:
02/25/23,Bhaloo:
02/25/23,Bhaloo:
02/25/23,Bhaloo:
02/25/23,Bhaloo:
02/25/23,Bhaloo:
02/25/23,Bhaloo:
02/25/23,Bhaloo:
02/25/23,Bhaloo:
02/25/23,Bhaloo:
02/25/23,Bhaloo:
02/25/23,Bhaloo:
02/25/23,Bhaloo:
02/25/23,Aditi:
02/25/23,Bhaloo:
02/25/23,Aditi:
02/25/23,Bhaloo:
02/25/23,Bhaloo:
02/25/23,Aditi:
02/25/23,Bhaloo:
02/25/23,Aditi:
02/25/23,Bhaloo:
02/25/23,Aditi:
02/26/23,Aditi:
02/26/23,Bhaloo:
02/26/23,Aditi:
02/26/23,Aditi:
02/26/23,Bhaloo:
02/26/23,Aditi:
02/26/23,Aditi:
02/26/23,Aditi:
02/26/23,Bhaloo:
02/26/23,Aditi:
02/26/23,Bhaloo:
02/26/23,Aditi:
02/27/23,Bhaloo:
02/27/23,Bhaloo:
02/27/23,Aditi:
02/27/23,Bhaloo:
02/27/23,Bhaloo:
02/27/23,Aditi:
02/27/23,Bhaloo:
02/27/23,Bhaloo:
02/27/23,Bhaloo:
02/27/23,Aditi:
02/27/23,Bhaloo:
02/27/23,Bhaloo:
02/27/23,Bhaloo:
02/27/23,Bhaloo:
02/27/23,Aditi:
02/27/23,Aditi:
02/27/23,Bhaloo:
02/27/23,Bhaloo:
02/27/23,Bhaloo:
02/27/23,Bhaloo:
02/27/23,Bhaloo:
02/27/23,Bhaloo:
02/27/23,Aditi:
02/27/23,Bhaloo:
02/27/23,Aditi:
02/27/23,Bhaloo:
02/27/23,Bhaloo:
02/27/23,Bhaloo:
02/27/23,Aditi:
02/27/23,Bhaloo:
02/27/23,Aditi:
02/27/23,Bhaloo:
02/27/23,Bhaloo:
02/27/23,Aditi:
02/27/23,Bhaloo:
02/27/23,Bhaloo:
02/27/23,Bhaloo:
02/27/23,Aditi:
02/27/23,Bhaloo:
02/27/23,Bhaloo:
02/27/23,Aditi:
02/27/23,Bhaloo:
02/27/23,Bhaloo:
02/27/23,Bhaloo:
02/27/23,Bhaloo:
02/27/23,Bhaloo:
02/27/23,Aditi:
02/27/23,Aditi:
02/27/23,Bhaloo:
02/27/23,Aditi:
02/27/23,Bhaloo:
02/27/23,Aditi:
02/27/23,Bhaloo:
02/27/23,Bhaloo:
02/27/23,Bhaloo:
02/27/23,Bhaloo:
02/27/23,Aditi:
02/27/23,Aditi:
02/27/23,Bhaloo:
02/27/23,Aditi:
02/27/23,Aditi:
02/27/23,Bhaloo:
02/27/23,Bhaloo:
02/27/23,Aditi:
02/28/23,Bhaloo:
02/28/23,Bhaloo:
02/28/23,Bhaloo:
02/28/23,Bhaloo:
02/28/23,Aditi: